No,Nama,NIP,Pangkat,Jabatan Terakhir,Jenis Jabatan,TMT. PENSIUN,Unit Kerja,Unit Kerja Induk,Operator,Status Pensiun
1,"ISKANDAR WAHID, SE",196811162006041012,III/d,KEPALA SEKSI INFORMASI PENCEGAHAN KEBAKARAN,STRUKTURAL,2026-12-01,Dinas Kebakaran,Dinas Kebakaran,IBU IRA,BUP
2,ROHANI ABD. GAFUR,196811281989032008,III/c,PENGADMINISTRASI PERKANTORAN,PELAKSANA,2026-12-01,Puskesmas Siko,Dinas Kesehatan,IBU IRA,BUP
3,"M ALI, S.Pd",196604021997111001,III/d,Guru Ahli Muda,FUNGSIONAL,2026-05-01,SD Negeri 47 Kota Ternate,Dinas Pendidikan,IBU IRA,BUP
4,"HARYANTO, S.Pd.SD",196608101992031015,IV/c,SMP Negeri 5 Kota Ternate,FUNGSIONAL,2026-09-01,SD NEGERI 3 KOTA TERNATE,Dinas Pendidikan,IBU IRA,BUP
5,"AFIA ESTERLINA PELMELAY, A.Md",196810252014072001,III/a,PENGELOLA LAYANAN OPERASIONAL,PELAKSANA,2026-11-01,Smp Negeri 14 Kota Ternate,Dinas Pendidikan,IBU NAMI,BUP
6,"HELIYUSAR KAMARULLAH, S.Pd.",196610122006041018,IV/b,Guru Ahli Madya,FUNGSIONAL,2026-11-01,SMP NEGERI 6 KOTA TERNATE,Dinas Pendidikan,IBU NAMI,BUP
7,ABIDIN SAMSI,196811191999031005,II/d,PENGADMINISTRASI PERKANTORAN,PELAKSANA,2026-12-01,Dinas Pendidikan,Dinas Pendidikan,IBU NAMI,BUP
8,ZAINAB ALI,196811011991032010,III/b,KEPALA SUB BAGIAN TATA USAHA,STRUKTURAL,2026-12-01,Smp Negeri 6 Kota Ternate,Dinas Pendidikan,IBU NAMI,BUP
9,MAHMUD ADAM,196810122003121003,III/b,SEKRETARIS,STRUKTURAL,2026-11-01,Kecamatan Moti,Kecamatan Moti,PAK DIKA,BUP
10,YUSUP SALAM,196810302007011024,III/a,SEKRETARIS,STRUKTURAL,2026-11-01,Kecamatan Pulau Hiri,Kecamatan Pulau Hiri,PAK DIKA,BUP
11,"RIFAI HAMISI, SH",196810061996031002,III/c,"KEPALA SEKSI PEMERINTAHAN, KETENTRAMAN DAN KETERTIBAN",STRUKTURAL,2026-11-01,Kecamatan Pulau Ternate,Kecamatan Pulau Ternate,PAK DIKA,BUP
12,BAKAR KASIM,196802141991031016,III/d,PENGADMINISTRASI PERKANTORAN,PELAKSANA,2026-03-01,Kecamatan Ternate Barat,Kecamatan Ternate Barat,PAK RAIS,BUP
13,SURIA DUWILA,196811072001122002,III/b,PENGADMINISTRASI PERKANTORAN,PELAKSANA,2026-12-01,Bagian Umum,Sekretariat Daerah,PAK RAIS,BUP
14,SALWIA ANWAR,196810102006042016,III/a,PENGADMINISTRASI PERKANTORAN,PELAKSANA,2026-11-01,Sekretariat Dewan Perwakilan Rakyat Daerah,Sekretariat Dewan Perwakilan Rakyat Daerah,PAK RAIS,BUP
15,MIRNA TJAPALULU,196805052001122004,III/d,PENELAAH TEKNIS KEBIJAKAN,PELAKSANA,2026-06-01,Badan Penanggulangan Bencana Daerah,Badan Penanggulangan Bencana Daerah,IBU IRA,BUP
16,"SURYANI HAMZAH, S.Keb",196808081990032011,III/d,Bidan Ahli Muda,FUNGSIONAL,2026-09-01,Puskesmas Jambula,Dinas Kesehatan,IBU IRA,BUP
17,"HAJAR ARSAD, A.Md.Keb",196809102006042017,III/c,Bidan Penyelia,FUNGSIONAL,2026-10-01,Puskesmas Jambula,Dinas Kesehatan,IBU IRA,BUP
18,MABUD ABAS,196712232010011001,II/d,OPERATOR LAYANAN OPERASIONAL,PELAKSANA,2027-01-01,Dinas Lingkungan Hidup,Dinas Lingkungan Hidup,IBU IRA,BUP
19,NURDIANA USMAN SYAH,196712161992032007,III/c,Analis Kebijakan Ahli Muda,FUNGSIONAL,2027-01-01,Dinas Pariwisata,Dinas Pariwisata,IBU IRA,BUP
20,"RUSNI RAHIM, S.Pd",196512121987122008,IV/b,Guru Ahli Madya,FUNGSIONAL,2027-01-01,SD NEGERI 4 KOTA TERNATE,Dinas Pendidikan,IBU IRA,BUP
21,"HAYATUDDIN HAMISI, S.Pd",196601121994121003,IV/c,Guru Ahli Madya,FUNGSIONAL,2026-02-01,SMP NEGERI 1 KOTA TERNATE,Dinas Pendidikan,IBU IRA,BUP
22,"JONI GANI,  S.Pd",196801141991031013,III/c,KEPALA SUB BAGIAN TATA USAHA,STRUKTURAL,2026-02-01,Smp Negeri 5 Kota Ternate,Dinas Pendidikan,IBU IRA,BUP
23,"Dra. SUGIARTINI, MM",196601091995112001,IV/c,Guru Ahli Madya,FUNGSIONAL,2026-02-01,SMP NEGERI 5 KOTA TERNATE,Dinas Pendidikan,IBU IRA,BUP
24,"IBRAHIM ABDULLAH MARSAOLY, S.Pd",196601252000081001,IV/a,Guru Ahli Muda,FUNGSIONAL,2026-02-01,SMP NEGERI 7 KOTA TERNATE,Dinas Pendidikan,IBU IRA,BUP
25,"SYARIF SAMSUDIN, S.Pd",196601212006041008,IV/b,Guru Ahli Madya,FUNGSIONAL,2026-02-01,SMP NEGERI 9 KOTA TERNATE,Dinas Pendidikan,IBU IRA,BUP
26,"BIDAHATI ALY,  S.PdI",196601012001032003,IV/b,Guru Ahli Madya,FUNGSIONAL,2026-02-01,SD NEGERI 29 KOTA TERNATE,Dinas Pendidikan,IBU IRA,BUP
27,"HUSEN UMAR, S.Pd",196601011999101002,IV/a,Guru Ahli Muda,FUNGSIONAL,2026-02-01,SD NEGERI 58 KOTA TERNATE,Dinas Pendidikan,IBU IRA,BUP
28,"AT SALEH, S.Pd",196602212001031001,IV/b,Guru Ahli Madya,FUNGSIONAL,2026-03-01,SD NEGERI 80 KOTA TERNATE,Dinas Pendidikan,IBU IRA,BUP
29,"MARDIANA TUNDALI, SE",196603251996012001,IV/c,Guru Ahli Madya,FUNGSIONAL,2026-04-01,SMP NEGERI 1 KOTA TERNATE,Dinas Pendidikan,IBU IRA,BUP
30,"Dra. ONI LOGAH, M.PdI",196803181994032007,IV/a,KEPALA SATUAN PENDIDIKAN DASAR KEC. KOTA TERNATE SELATAN,STRUKTURAL,2026-04-01,Satuan Pendidikan Dasar Kec. Kota Ternate Selatan,Dinas Pendidikan,IBU IRA,BUP
31,SUHARNI BASIR,196803091986032001,III/b,PENGADMINISTRASI PERKANTORAN,PELAKSANA,2026-04-01,Satuan Pendidikan Dasar Kec. Kota Ternate Selatan,Dinas Pendidikan,IBU IRA,BUP
32,"A RAHMAN JUMATI, S.Pd",196603032001031002,IV/a,Guru Ahli Madya,FUNGSIONAL,2026-04-01,SD Negeri 28 Kota Ternate,Dinas Pendidikan,IBU IRA,BUP
33,FATIMAH USMAN,196603102001032001,III/b,Guru Ahli Pertama,FUNGSIONAL,2026-04-01,SD Negeri 37 Kota Ternate,Dinas Pendidikan,IBU IRA,BUP
34,"SURIYA ABBAS, A.Ma",196603091992032012,IV/a,Guru Ahli Madya,FUNGSIONAL,2026-04-01,SD NEGERI 39 KOTA TERNATE,Dinas Pendidikan,IBU IRA,BUP
35,"RATNA HI A RAHMAN, S.Pd",196603222001032001,IV/a,Guru Ahli Madya,FUNGSIONAL,2026-04-01,SD Negeri 68 Kota Ternate,Dinas Pendidikan,IBU IRA,BUP
36,SUARDI SOLEMAN,196803162001031004,III/d,PENGADMINISTRASI PERKANTORAN,PELAKSANA,2026-04-01,SD NEGERI 73 KOTA TERNATE,Dinas Pendidikan,IBU IRA,BUP
37,"SURYANI GARWAN, S.Pd",196604241994032011,IV/c,Guru Ahli Madya,FUNGSIONAL,2026-05-01,SMP NEGERI 4 KOTA TERNATE,Dinas Pendidikan,IBU IRA,BUP
38,LAELA SJAMSUDDIN,196804221991032011,III/b,PENGADMINISTRASI PERKANTORAN,PELAKSANA,2026-05-01,Smp Negeri 7 Kota Ternate,Dinas Pendidikan,IBU IRA,BUP
39,"RUSTAM ACHMAD HUSAIN, S.Pd",196604242001031001,IV/a,Guru Ahli Madya,FUNGSIONAL,2026-05-01,SD NEGERI 42 KOTA TERNATE,Dinas Pendidikan,IBU IRA,BUP
40,"RUKIA TAHER, S.Pd",196604301987122003,IV/c,Guru Ahli Madya,FUNGSIONAL,2026-05-01,SD NEGERI 45 KOTA TERNATE,Dinas Pendidikan,IBU IRA,BUP
41,"FAUJIA NOHO, S.Pd",196604051987122004,IV/c,Guru Ahli Madya,FUNGSIONAL,2026-05-01,SD NEGERI 50 KOTA TERNATE,Dinas Pendidikan,IBU IRA,BUP
42,"ANI HI MUHAHMMAD, S.Pd.SD",196604041987122006,IV/c,Guru Ahli Madya,FUNGSIONAL,2026-05-01,SD Negeri 7 Kota Ternate,Dinas Pendidikan,IBU IRA,BUP
43,"HUSEN NOHO, S.Pd.",196605151995121007,IV/c,Guru Ahli Madya,FUNGSIONAL,2026-06-01,SMP NEGERI 3 KOTA TERNATE,Dinas Pendidikan,IBU IRA,BUP
44,"NURDIN AHADI, S.Pd",196605241999101001,IV/a,Guru Ahli Madya,FUNGSIONAL,2026-06-01,SMP NEGERI 5 KOTA TERNATE,Dinas Pendidikan,IBU IRA,BUP
45,"KURAISIA MAHMUD PORA, S.Pd.AUD",196605051988032022,IV/b,Guru Ahli Madya,FUNGSIONAL,2026-06-01,PAUD PEMBINA 3 KOTA TERNATE,Dinas Pendidikan,IBU IRA,BUP
46,"TAHER KADER, S.PdI",196605022007011028,III/b,Guru Ahli Pertama,FUNGSIONAL,2026-06-01,SD NEGERI 25 KOTA TERNATE,Dinas Pendidikan,IBU IRA,BUP
47,"RUGAYA JAFAR, S.Pd",196605021992082001,IV/b,Guru Ahli Madya,FUNGSIONAL,2026-06-01,SD NEGERI 45 KOTA TERNATE,Dinas Pendidikan,IBU IRA,BUP
48,JOHRA HI ABD RAHMAN,196611232000122001,IV/c,Guru Ahli Madya,FUNGSIONAL,2026-12-01,SMP NEGERI 2 KOTA TERNATE,Dinas Pendidikan,IBU IRA,BUP
49,"SITRA HALIL, S.Pd",196611101994042001,IV/b,Guru Ahli Madya,FUNGSIONAL,2026-12-01,SD NEGERI 64 KOTA TERNATE,Dinas Pendidikan,IBU IRA,BUP
50,"ANASRIN HI.HAMDJAH, S.IP",196801152007011034,III/c,PENELAAH TEKNIS KEBIJAKAN,PELAKSANA,2026-02-01,Badan Pengelolaan Pajak Dan Retribusi Daerah,Badan Pengelolaan Pajak Dan Retribusi Daerah,IBU NAMI,BUP
51,ALI MUHAMMAD,196802252001121004,III/b,PENGADMINISTRASI PERKANTORAN,PELAKSANA,2026-03-01,Badan Pengelolaan Pajak Dan Retribusi Daerah,Badan Pengelolaan Pajak Dan Retribusi Daerah,IBU NAMI,BUP
52,"FAISAL ALBAAR, S.IP",196805032001121002,III/c,PENELAAH TEKNIS KEBIJAKAN,PELAKSANA,2026-06-01,Badan Pengelolaan Pajak Dan Retribusi Daerah,Badan Pengelolaan Pajak Dan Retribusi Daerah,IBU NAMI,BUP
53,AGUS MAHMUD,196808012001121004,III/b,PENGADMINISTRASI PERKANTORAN,PELAKSANA,2026-09-01,Badan Pengelolaan Pajak Dan Retribusi Daerah,Badan Pengelolaan Pajak Dan Retribusi Daerah,IBU NAMI,BUP
54,ALAUDIN MAHMUD,196809152006041015,III/a,PENGADMINISTRASI PERKANTORAN,PELAKSANA,2026-10-01,Badan Pengelolaan Pajak Dan Retribusi Daerah,Badan Pengelolaan Pajak Dan Retribusi Daerah,IBU NAMI,BUP
55,"ERRNY TJAN, SE,  M.Si",196809291992122001, ,KEPALA BIDANG EKONOMI DAN SUMBER DAYA ALAM,STRUKTURAL,2026-10-01,"Badan Perencanaan Pembangunan, Penelitian Dan Pengembangan Daerah","Badan Perencanaan Pembangunan, Penelitian Dan Pengembangan Daerah",IBU NAMI,BUP
56,"RIDWAN RATMIN, S.Pi",196810112000031005,IV/a,PENATA KELOLA KELAUTAN DAN PERIKANAN,PELAKSANA,2026-11-01,Dinas Kelautan Dan Perikanan,Dinas Kelautan Dan Perikanan,IBU NAMI,BUP
57,"SAMIAN FATGEHIPON, S.AP",196712102001122001,III/b,PENELAAH TEKNIS KEBIJAKAN,PELAKSANA,2027-01-01,Dinas Kependudukan Dan Pencatatan Sipil,Dinas Kependudukan Dan Pencatatan Sipil,IBU NAMI,BUP
58,"RIMA HARYATI, SH",196802181999032007,IV/b,KEPALA BIDANG PELAYANAN PENDAFTARAN PENDUDUK,STRUKTURAL,2026-03-01,Dinas Kependudukan Dan Pencatatan Sipil,Dinas Kependudukan Dan Pencatatan Sipil,IBU NAMI,BUP
59,"MARWA LESTALUHU, A,Md.Kep",196804191988122004,III/d,Perawat Penyelia,FUNGSIONAL,2026-05-01,Puskesmas Kota,Dinas Kesehatan,IBU NAMI,BUP
60,SITTI SUHAIMI,196807241989032008,III/d,Perawat Penyelia,FUNGSIONAL,2026-08-01,Puskesmas Siko,Dinas Kesehatan,IBU NAMI,BUP
61,"IPSON ARAMUDA, SE., SE.M.Si",196804241994031010,IV/a,KEPALA BIDANG PERSANDIAN DAN PENGOLAHAN DATA STATISTIK SEKTORAL,STRUKTURAL,2026-05-01,Dinas Komunikasi Informatika Dan Persandian,Dinas Komunikasi Informatika Dan Persandian,IBU NAMI,BUP
62,KASMAN TUGUIS,196803012006041020,III/a,OPERATOR LAYANAN OPERASIONAL,PELAKSANA,2026-04-01,Dinas Lingkungan Hidup,Dinas Lingkungan Hidup,IBU NAMI,BUP
63,ISMAD ABDUL KARIM,196805112003121007,III/b,OPERATOR LAYANAN OPERASIONAL,PELAKSANA,2026-06-01,Dinas Lingkungan Hidup,Dinas Lingkungan Hidup,IBU NAMI,BUP
64,"FARIDA A SYAH, S.PD",196806081994122005,IV/a,PENELAAH TEKNIS KEBIJAKAN,PELAKSANA,2026-07-01,Dinas Pariwisata,Dinas Pariwisata,IBU NAMI,BUP
65,"SETIJA HADI, -, A.Md",196802262007011016,III/a,PENGOLAH DATA DAN INFORMASI,PELAKSANA,2026-03-01,Dinas Pekerjaan Umum Dan Penataan Ruang,Dinas Pekerjaan Umum Dan Penataan Ruang,IBU NAMI,BUP
66,JUDDRA TUHEPALY,196801161990062001,III/d,Penggerak Swadaya Masyarakat Ahli Muda,FUNGSIONAL,2026-02-01,Dinas Pemberdayaan Perempuan Dan Perlindungan Anak,Dinas Pemberdayaan Perempuan Dan Perlindungan Anak,IBU NAMI,BUP
67,"ASVIRA BEREAMI, SH",196809292001122003,III/d,PENATA KELOLA PEMBERDAYAAN PEREMPUAN DAN PERLINDUNGAN ANAK,PELAKSANA,2026-10-01,Dinas Pemberdayaan Perempuan Dan Perlindungan Anak,Dinas Pemberdayaan Perempuan Dan Perlindungan Anak,IBU NAMI,BUP
68,ANSAR HI. USMAN,196803152007011050,II/d,PENGADMINISTRASI PERKANTORAN,PELAKSANA,2026-04-01,Dinas Penanaman Modal Dan Pelayanan Terpadu Satu Pintu,Dinas Penanaman Modal Dan Pelayanan Terpadu Satu Pintu,IBU NAMI,BUP
69,Drs. BAHTIAR TENG,196605021992031016,IV/c,KEPALA DINAS PENANAMAN MODAL DAN PELAYANAN TERPADU SATU PINTU,STRUKTURAL,2026-06-01,Dinas Penanaman Modal Dan Pelayanan Terpadu Satu Pintu,Dinas Penanaman Modal Dan Pelayanan Terpadu Satu Pintu,IBU NAMI,BUP
70,"ROSMINA ALBAAR, S.Pd",196512251986042006,IV/c,Guru Ahli Madya,FUNGSIONAL,2027-01-01,SD NEGERI 12 KOTA TERNATE,Dinas Pendidikan,IBU NAMI,BUP
71,SAMSUDIN SALEH,196512142001031001,III/c,Guru Ahli Muda,FUNGSIONAL,2027-01-01,SD NEGERI 74 KOTA TERNATE,Dinas Pendidikan,IBU NAMI,BUP
72,RATNA MUHAMAD,196805061994042001,II/d,OPERATOR LAYANAN OPERASIONAL,PELAKSANA,2026-06-01,SD NEGERI 49 KOTA TERNATE,Dinas Pendidikan,IBU NAMI,BUP
73,IDJRINA YUSUF IDRUS,196806042007012041,III/a,PENGADMINISTRASI PERKANTORAN,PELAKSANA,2026-07-01,Smp Negeri 7 Kota Ternate,Dinas Pendidikan,IBU NAMI,BUP
74,"MAJIDA MAHMUD, S.Pd",196606012007012022,IV/a,Guru Ahli Muda,FUNGSIONAL,2026-07-01,PAUD PEMBINA 12 KOTA TERNATE,Dinas Pendidikan,IBU NAMI,BUP
75,"GAFUR U SANGAJI, SST",196807152006041018,III/d,Penyuluh Pertanian Ahli Muda,FUNGSIONAL,2026-08-01,Bpp Kecamatan Moti,Dinas Pertanian,IBU NAMI,BUP
76,"MUHLIS SIBUA, S.Sos",196606062000031005,IV/b,Pengawas Penyelenggaraan Urusan Pemerintahan Daerah Ahli Madya,FUNGSIONAL,2026-07-01,Inspektorat,Inspektorat,IBU NAMI,BUP
77,"JUNUS YAU, SH,  MM",196801091996031002,IV/c,PENELAAH TEKNIS KEBIJAKAN,PELAKSANA,2026-02-01,Kecamatan Kota Ternate Selatan,Kecamatan Kota Ternate Selatan,IBU NAMI,BUP
78,USMAN NUSA,196712052007011025,II/c,PENGELOLA ADMINISTRASI PEMERINTAHAN,PELAKSANA,2027-01-01,Kecamatan Kota Ternate Utara,Kecamatan Kota Ternate Utara,IBU NAMI,BUP
79,"YUNUS HI JAFAR, S.IP",196804052001121004,III/d,KEPALA SEKSI PEMERINTAHAN,STRUKTURAL,2026-05-01,Kecamatan Pulau Ternate,Kecamatan Pulau Ternate,IBU NAMI,BUP
80,ANI NERI,196807041997032005,III/a,"KEPALA SEKSI PEMERINTAHAN, KETENTRAMAN DAN KETERTIBAN",STRUKTURAL,2026-08-01,Kecamatan Pulau Ternate,Kecamatan Pulau Ternate,IBU NAMI,BUP
81,"MOHD. TAUFIK DJAUHAR, SE.M.Si",196602081989021001,IV/c,ASISTEN PEREKONOMIAN DAN PEMBANGUNAN,STRUKTURAL,2026-03-01,Sekretariat Daerah,Sekretariat Daerah,IBU NAMI,BUP
82,TAUFIK SUDIN,196804092001121005,III/b,OPERATOR LAYANAN OPERASIONAL,PELAKSANA,2026-05-01,Bagian Protokoler Komunikasi Pimpinan,Sekretariat Daerah,IBU NAMI,BUP
83,RUSNI MUHAMAD SALEH,196805082001122002,III/b,PENGADMINISTRASI PERKANTORAN,PELAKSANA,2026-06-01,Sekretariat Daerah,Sekretariat Daerah,IBU NAMI,BUP
84,DRS. SARIF HI SABATUN,196604161993031008,IV/c,"STAF AHLI BIDANG EKONOMI, KEUANGAN DAN PEMBANGUNAN",STRUKTURAL,2026-05-01,"Staf Ahli Bidang Ekonomi, Keuangan Dan Pembangunan",Sekretariat Daerah,IBU NAMI,BUP
85,Dra. ARDINI RADJILOEN,196606061992022002,IV/c,"STAF AHLI BIDANG PEMERINTAHAN, HUKUM DAN POLITIK",STRUKTURAL,2026-07-01,"Staf Ahli Bidang Pemerintahan, Hukum Dan Politik",Sekretariat Daerah,IBU NAMI,BUP
86,MERY TAN,196810211989112003,III/d,PENGOLAH DATA DAN INFORMASI,PELAKSANA,2026-11-01,Dinas Kesehatan,Dinas Kesehatan,PAK DIKA,BUP
87,"DIANA KHARIE, SP",196806222001122002,IV/a,KEPALA BIDANG KETERSEDIAAN DAN KERAWANAN PANGAN,STRUKTURAL,2026-07-01,Dinas Ketahanan Pangan,Dinas Ketahanan Pangan,PAK DIKA,BUP
88,SAID ARSAD DJABAR,196807232008011011,III/a,PENGADMINISTRASI PERKANTORAN,PELAKSANA,2026-08-01,Dinas Ketahanan Pangan,Dinas Ketahanan Pangan,PAK DIKA,BUP
89,"JUHRIA UMAR, S.Pd",196606101987122004,IV/c,Guru Ahli Madya,FUNGSIONAL,2026-07-01,SD NEGERI 30 KOTA TERNATE,Dinas Pendidikan,PAK DIKA,BUP
90,"JUHU HASAN, S.Pd",196606011987122006,IV/c,Guru Ahli Madya,FUNGSIONAL,2026-07-01,SD NEGERI 42 KOTA TERNATE,Dinas Pendidikan,PAK DIKA,BUP
91,"NURAIN UMASUGI, S.Pd",196606181993032012,IV/b,Guru Ahli Madya,FUNGSIONAL,2026-07-01,SD Negeri 48 Kota Ternate,Dinas Pendidikan,PAK DIKA,BUP
92,"LILISURIANI RENTI, S.Pd",196606231986042005,IV/b,Guru Ahli Madya,FUNGSIONAL,2026-07-01,SD NEGERI 58 KOTA TERNATE,Dinas Pendidikan,PAK DIKA,BUP
93,GANI FALILA,196806022001031001,II/d,PENGADMINISTRASI PERKANTORAN,PELAKSANA,2026-07-01,SD NEGERI 72 KOTA TERNATE,Dinas Pendidikan,PAK DIKA,BUP
94,"HUSNA NOHO, S.Pd",196606111987122003,IV/c,Guru Ahli Madya,FUNGSIONAL,2026-07-01,SD NEGERI 80 KOTA TERNATE,Dinas Pendidikan,PAK DIKA,BUP
95,"IKHSAN HUSEN, S.Pd",196807051994121007,IV/a,PENELAAH TEKNIS KEBIJAKAN,PELAKSANA,2026-08-01,Dinas Pendidikan,Dinas Pendidikan,PAK DIKA,BUP
96,NURLIA PANDAWA,196807281991032008,III/b,PENGADMINISTRASI PERKANTORAN,PELAKSANA,2026-08-01,Smp Negeri 1 Kota Ternate,Dinas Pendidikan,PAK DIKA,BUP
97,"MANSUR YUSUF, S.Pd",196607082000081001,IV/c,Guru Ahli Madya,FUNGSIONAL,2026-08-01,SMP NEGERI 3 KOTA TERNATE,Dinas Pendidikan,PAK DIKA,BUP
98,"MARYAM BUAMONA, S.Pd",196607161990032009,IV/b,Guru Ahli Madya,FUNGSIONAL,2026-08-01,SMP NEGERI 5 KOTA TERNATE,Dinas Pendidikan,PAK DIKA,BUP
99,Dra. EKA WINDAHWATI,196607061998022003,IV/c,Guru Ahli Madya,FUNGSIONAL,2026-08-01,SMP NEGERI 7 KOTA TERNATE,Dinas Pendidikan,PAK DIKA,BUP
100,"HUSNA, S.Pd.",196607031998021003,IV/c,Guru Ahli Madya,FUNGSIONAL,2026-08-01,SMP NEGERI 7 KOTA TERNATE,Dinas Pendidikan,PAK DIKA,BUP
101,"MAR`AN, S.Pd",196607121989101002,IV/c,Guru Ahli Madya,FUNGSIONAL,2026-08-01,SD Negeri 63 Kota Ternate,Dinas Pendidikan,PAK DIKA,BUP
102,"MUHAMMAD ZEN UMAR, S.Pd",196608101993031012,IV/c,Guru Ahli Madya,FUNGSIONAL,2026-09-01,SMP NEGERI 3 KOTA TERNATE,Dinas Pendidikan,PAK DIKA,BUP
103,"SITTI ABDURRAHIM, S.Pd.",196608011995122002,IV/b,Guru Ahli Madya,FUNGSIONAL,2026-09-01,SMP NEGERI 7 KOTA TERNATE,Dinas Pendidikan,PAK DIKA,BUP
104,"ROHANI ISMAIL, S.Pd.AUD",196608101987032013,IV/b,Guru Ahli Madya,FUNGSIONAL,2026-09-01,PAUD PEMBINA 2 KOTA TERNATE,Dinas Pendidikan,PAK DIKA,BUP
105,HIRJA SAHAFIN,196808122001032001,II/c,PENGADMINISTRASI PERKANTORAN,PELAKSANA,2026-09-01,SD NEGERI 13 KOTA TERNATE,Dinas Pendidikan,PAK DIKA,BUP
106,"ISMAIL GOLENG, S.Pd",196608091987121003,IV/b,Guru Ahli Madya,FUNGSIONAL,2026-09-01,SD Negeri 24 Kota Ternate,Dinas Pendidikan,PAK DIKA,BUP
107,"FAHRIA ADAM, S.Pd.I",196608191987122002,IV/c,Guru Ahli Madya,FUNGSIONAL,2026-09-01,SD NEGERI 30 KOTA TERNATE,Dinas Pendidikan,PAK DIKA,BUP
108,"JOHANA RETOB, S.Pd",196608211987122003,IV/b,Guru Ahli Madya,FUNGSIONAL,2026-09-01,SD NEGERI 9 KOTA TERNATE,Dinas Pendidikan,PAK DIKA,BUP
109,DRS. SUDARMANTO,196609051997021001,IV/b,Guru Ahli Madya,FUNGSIONAL,2026-10-01,SMP NEGERI 1 KOTA TERNATE,Dinas Pendidikan,PAK DIKA,BUP
110,"HADIAH RAJAB, S.Pd",196609211990032007,IV/c,Guru Ahli Madya,FUNGSIONAL,2026-10-01,SMP NEGERI 4 KOTA TERNATE,Dinas Pendidikan,PAK DIKA,BUP
111,"IAM MUHAMAD, S.Pd",196609191987032006,IV/b,Guru Ahli Madya,FUNGSIONAL,2026-10-01,PAUD PEMBINA 3 KOTA TERNATE,Dinas Pendidikan,PAK DIKA,BUP
112,EDNAH TAIL,196609171986042003,IV/b,Guru Ahli Madya,FUNGSIONAL,2026-10-01,SD NEGERI 11 KOTA TERNATE,Dinas Pendidikan,PAK DIKA,BUP
113,"AISYA DJAFAR, S.Pd",196609241987122005,IV/c,Guru Ahli Madya,FUNGSIONAL,2026-10-01,SD Negeri 20 Kota Ternate,Dinas Pendidikan,PAK DIKA,BUP
114,"UYUN ABDULLAH, S.Pd",196609091999072001,IV/b,Guru Ahli Madya,FUNGSIONAL,2026-10-01,SD Negeri 23 Kota Ternate,Dinas Pendidikan,PAK DIKA,BUP
115,"AFIAT AYUB WAHAB, S.Pd",196609101991112002,IV/a,Guru Ahli Madya,FUNGSIONAL,2026-10-01,SD Negeri 37 Kota Ternate,Dinas Pendidikan,PAK DIKA,BUP
116,"SAFIA AHMAD, A.Ma, S.PdI",196609281999102001,IV/c,Guru Ahli Madya,FUNGSIONAL,2026-10-01,SD NEGERI 49 KOTA TERNATE,Dinas Pendidikan,PAK DIKA,BUP
117,EMELIA IDRUS,196609281986042003,IV/a,Guru Ahli Madya,FUNGSIONAL,2026-10-01,SD Negeri 51 Kota Ternate,Dinas Pendidikan,PAK DIKA,BUP
118,"ROCHANI KAMARULLAH, S.Pd.SD",196609201987122003,IV/c,Guru Ahli Madya,FUNGSIONAL,2026-10-01,SD Negeri 68 Kota Ternate,Dinas Pendidikan,PAK DIKA,BUP
119,"WAHAD KAIDATI, S.Sos",196712162007011018,III/d,KEPALA BIDANG PENEGAKAN PERUNDANG-UNDANGAN DAERAH,STRUKTURAL,2027-01-01,Satuan Polisi Pamong Praja,Satuan Polisi Pamong Praja,PAK DIKA,BUP
120,"TOTO SUKAMTO, S.Sos, S.Sos, S.Sos",196805221989021001,IV/b,SEKRETARIS,STRUKTURAL,2026-06-01,Satuan Polisi Pamong Praja,Satuan Polisi Pamong Praja,PAK DIKA,BUP
121,"RAMLA HAJI ABDULLAH, A.Md.AK",196808112001122001,III/d,Analis Kebijakan Ahli Muda,FUNGSIONAL,2026-09-01,Sekretariat Dewan Perwakilan Rakyat Daerah,Sekretariat Dewan Perwakilan Rakyat Daerah,PAK DIKA,BUP
122,"DAHLAN HASAN, S.Sos",196712201999031003,IV/a,PENELAAH TEKNIS KEBIJAKAN,PELAKSANA,2027-01-01,Badan Kesatuan Bangsa Dan Politik,Badan Kesatuan Bangsa Dan Politik,PAK RAIS,BUP
123,"AISAH SIRADJU, S.A.P.",196810061993032003,III/d,PENELAAH TEKNIS KEBIJAKAN,PELAKSANA,2026-11-01,Badan Pengelolaan Pajak Dan Retribusi Daerah,Badan Pengelolaan Pajak Dan Retribusi Daerah,PAK RAIS,BUP
124,"HARSONO, S.Pd",196512051992031008,IV/c,Guru Ahli Madya,FUNGSIONAL,2027-01-01,SMP NEGERI 2 KOTA TERNATE,Dinas Pendidikan,PAK RAIS,BUP
125,"MAN MUSA, S.Pd.I",196512301999031006,IV/b,Guru Ahli Madya,FUNGSIONAL,2027-01-01,SD Negeri 23 Kota Ternate,Dinas Pendidikan,PAK RAIS,BUP
126,"ACIA TAHER, S.Pd",196512251987122004,IV/c,Guru Ahli Madya,FUNGSIONAL,2027-01-01,SD NEGERI 29 KOTA TERNATE,Dinas Pendidikan,PAK RAIS,BUP
127,"AISAH MUSA, S.Pd",196609132001032001,IV/a,Guru Ahli Madya,FUNGSIONAL,2026-10-01,SD NEGERI 69 KOTA TERNATE,Dinas Pendidikan,PAK RAIS,BUP
128,"AMINAH UMAR, S.Pd",196610201987122006,IV/b,Guru Ahli Madya,FUNGSIONAL,2026-11-01,SD NEGERI 1 KOTA TERNATE,Dinas Pendidikan,PAK RAIS,BUP
129,"NURAINI DJUMATI, SE",196804271993022002,III/d,Penata Kependudukan dan Keluarga Berencana Ahli Muda,FUNGSIONAL,2026-05-01,Dinas Pengendalian Penduduk Dan Keluarga Berencana,Dinas Pengendalian Penduduk Dan Keluarga Berencana,PAK RAIS,BUP
130,ENDANG HARTATI NOCHO DJAFAAR,196805061999032006,IV/a,PENELAAH TEKNIS KEBIJAKAN,PELAKSANA,2026-06-01,Dinas Perindustrian Dan Perdagangan,Dinas Perindustrian Dan Perdagangan,PAK RAIS,BUP
131,"HASAN ADAM, SE",196809071988011001,III/d,PENELAAH TEKNIS KEBIJAKAN,PELAKSANA,2026-10-01,Dinas Perindustrian Dan Perdagangan,Dinas Perindustrian Dan Perdagangan,PAK RAIS,BUP
132,HAPSA RASIDIN,196802281993032009,III/d,Arsiparis Ahli Muda,FUNGSIONAL,2026-03-01,Dinas Perpustakaan Dan Kearsipan Daerah,Dinas Perpustakaan Dan Kearsipan Daerah,PAK RAIS,BUP
133,"MINARNI MOHAMMAD SALEH, SH",196808212000032003,IV/a,KEPALA BIDANG PELESTARIAN DAN ALIH MEDIA,STRUKTURAL,2026-09-01,Dinas Perpustakaan Dan Kearsipan Daerah,Dinas Perpustakaan Dan Kearsipan Daerah,PAK RAIS,BUP
134,"MEGAH MULTINIWATI EDA, SP",196806072001122001,III/d,PENELAAH TEKNIS KEBIJAKAN,PELAKSANA,2026-07-01,Dinas Pertanian,Dinas Pertanian,PAK RAIS,BUP
135,"SUHARNO, SP, SP.MM",196808011998031007,IV/b,PENATA LAYANAN OPERASIONAL,PELAKSANA,2026-09-01,Dinas Pertanian,Dinas Pertanian,PAK RAIS,BUP
136,NIKEN KUSTINAH IRIANI,196806162006042016,III/a,PENGADMINISTRASI PERKANTORAN,PELAKSANA,2026-07-01,Dinas Tenaga Kerja,Dinas Tenaga Kerja,PAK RAIS,BUP
137,"ROHANI PANJAB MAHLI, SH",196610141992032007,IV/c,Pengawas Penyelenggaraan Urusan Pemerintahan Daerah Ahli Madya,FUNGSIONAL,2026-11-01,Inspektorat,Inspektorat,PAK RAIS,BUP
138,"HARITSAH RUSLY TOTOU, S.Pd",196803092006042011,IV/a,PENELAAH TEKNIS KEBIJAKAN,PELAKSANA,2026-04-01,Kecamatan Kota Ternate Selatan,Kecamatan Kota Ternate Selatan,PAK RAIS,BUP
139,"MUHSIN BIN SYEH ABUBAKAR, SP.M.Si",196803021998031005,IV/b,PENELAAH TEKNIS KEBIJAKAN,PELAKSANA,2026-04-01,Kecamatan Kota Ternate Selatan,Kecamatan Kota Ternate Selatan,PAK RAIS,BUP
140,"BUSTAMI SUNYA, S.IP",196804201993031015,IV/a,PENELAAH TEKNIS KEBIJAKAN,PELAKSANA,2026-05-01,Kecamatan Kota Ternate Selatan,Kecamatan Kota Ternate Selatan,PAK RAIS,BUP
141,AMIL ISMAIL,196807081993031010,III/c,PENGADMINISTRASI PERKANTORAN,PELAKSANA,2026-08-01,Kecamatan Kota Ternate Selatan,Kecamatan Kota Ternate Selatan,PAK RAIS,BUP
142,"GAZALI ABDUL RACHMAN, SH",196808251993101002,III/d,KEPALA SEKSI PEMBANGUNAN DAN PEMBERDAYAAN MASYARAKAT,STRUKTURAL,2026-09-01,Kecamatan Kota Ternate Selatan,Kecamatan Kota Ternate Selatan,PAK RAIS,BUP
143,DAMIR MUSTAFA,196803062002121010,III/b,PENGADMINISTRASI PERKANTORAN,PELAKSANA,2026-04-01,Kecamatan Kota Ternate Tengah,Kecamatan Kota Ternate Tengah,PAK RAIS,BUP
144,JUNITA BIAN,196806261994032011,III/c,SEKRETARIS,STRUKTURAL,2026-07-01,Kecamatan Kota Ternate Tengah,Kecamatan Kota Ternate Tengah,PAK RAIS,BUP
145,FAUZIAH ALI SIDIK,196807082001122002,III/a,PENGADMINISTRASI PERKANTORAN,PELAKSANA,2026-08-01,Kecamatan Kota Ternate Tengah,Kecamatan Kota Ternate Tengah,PAK RAIS,BUP
146,NORMA MENER,196801151999102001,III/d,PENGADMINISTRASI PERKANTORAN,PELAKSANA,2026-02-01,Kecamatan Kota Ternate Utara,Kecamatan Kota Ternate Utara,PAK RAIS,BUP
147,"RUSTAM KHARIE, ST",196802072006041008,III/d,SEKRETARIS,STRUKTURAL,2026-03-01,Kecamatan Kota Ternate Utara,Kecamatan Kota Ternate Utara,PAK RAIS,BUP
148,SALIM FALILA,196802242001121002,III/a,"KEPALA SEKSI PEMERINTAHAN, KETENTRAMAN DAN KETERTIBAN",STRUKTURAL,2026-03-01,Kecamatan Kota Ternate Utara,Kecamatan Kota Ternate Utara,PAK RAIS,BUP
149,RAMLAN UMAR,196805202001121003,III/a,KEPALA SEKSI PEMBANGUNAN DAN PEMBERDAYAAN MASYARAKAT,STRUKTURAL,2026-06-01,Kecamatan Kota Ternate Utara,Kecamatan Kota Ternate Utara,PAK RAIS,BUP
150,"FARUK ALBAAR, SE.M.Si",196808021992031010,IV/c,PENELAAH TEKNIS KEBIJAKAN,PELAKSANA,2026-09-01,Kecamatan Kota Ternate Utara,Kecamatan Kota Ternate Utara,PAK RAIS,BUP
151,HAMZAH A. DARAMAN,196808102007011051,III/a,PENGADMINISTRASI PERKANTORAN,PELAKSANA,2026-09-01,Kecamatan Kota Ternate Utara,Kecamatan Kota Ternate Utara,PAK RAIS,BUP
152,DENTI MAHIBU,196806112012121001,II/a,PENGADMINISTRASI UMUM,PELAKSANA,2026-07-01,Kecamatan Pulau Batang Dua,Kecamatan Pulau Batang Dua,PAK RAIS,MD
153,JAHRA MARDJUN,196802161997072001,III/d,PENGADMINISTRASI PERKANTORAN,PELAKSANA,2026-03-01,Kecamatan Pulau Hiri,Kecamatan Pulau Hiri,PAK RAIS,MD
154,"MANSUR ISHAK, SST",196804252007011024,III/a,SEKRETARIS,STRUKTURAL,2026-05-01,Kecamatan Pulau Hiri,Kecamatan Pulau Hiri,PAK RAIS,MD
155,"ABD. KADER RAKIB, S.Sos",196805152007011049,III/c,KEPALA SEKSI PEMBANGUNAN DAN PEMBERDAYAAN MASYARAKAT,STRUKTURAL,2026-06-01,Kecamatan Pulau Hiri,Kecamatan Pulau Hiri,PAK RAIS,MD
156,RUSLAN BAKAR,196806282010011002,II/d,PENGADMINISTRASI PERKANTORAN,PELAKSANA,2026-07-01,Kecamatan Pulau Hiri,Kecamatan Pulau Hiri,PAK RAIS,MD
157,"ANAS, S.Pd., MM.Par",196712151995121003,IV/c,PENELAAH TEKNIS KEBIJAKAN,PELAKSANA,2027-01-01,Bagian Organisasi,Sekretariat Daerah,PAK RAIS,MD
,,,,,,,,,,
